jur_clean,planning_period,rhna_target_total,units_reported_total,pct_achieved,units_remaining,cycle_label
CARLSBAD,04/30/2021 - 04/30/2029,3873,1204,0.310870126516912,2669,RHNA6
CHULA VISTA,04/30/2021 - 04/30/2029,11105,5453,0.4910400720396218,5652,RHNA6
CORONADO,04/30/2021 - 04/30/2029,912,180,0.19736842105263158,732,RHNA6
DEL MAR,04/30/2021 - 04/30/2029,163,97,0.5950920245398773,66,RHNA6
EL CAJON,04/30/2021 - 04/30/2029,3280,575,0.17530487804878048,2705,RHNA6
ENCINITAS,04/30/2021 - 04/30/2029,1554,1264,0.8133848133848134,290,RHNA6
ESCONDIDO,04/30/2021 - 04/30/2029,9607,1680,0.17487248881024253,7927,RHNA6
IMPERIAL BEACH,04/30/2021 - 04/30/2029,1329,142,0.10684725357411588,1187,RHNA6
LA MESA,04/30/2021 - 04/30/2029,3797,802,0.21121938372399263,2995,RHNA6
LEMON GROVE,04/30/2021 - 04/30/2029,1359,317,0.2332597498160412,1042,RHNA6
NATIONAL CITY,04/30/2021 - 04/30/2029,5437,658,0.12102262276990988,4779,RHNA6
OCEANSIDE,04/30/2021 - 04/30/2029,5443,2168,0.39830975564945803,3275,RHNA6
POWAY,04/30/2021 - 04/30/2029,1319,440,0.33358605003790753,879,RHNA6
SAN DIEGO,04/30/2021 - 04/30/2029,108036,28903,0.26753119330593506,79133,RHNA6
SAN MARCOS,04/30/2021 - 04/30/2029,3116,1798,0.5770218228498074,1318,RHNA6
SANTEE,04/30/2021 - 04/30/2029,1219,477,0.391304347826087,742,RHNA6
SOLANA BEACH,04/30/2021 - 04/30/2029,875,168,0.192,707,RHNA6
VISTA,04/30/2021 - 04/30/2029,2561,717,0.27996876220226474,1844,RHNA6
